id,claim,citation,question,claim_answer,paper_answer,answer_note
1,FOXP3 is selectively expressed in CD4⁺CD25⁺ regulatory T cells (Tregs).,[1],Is FOXP3 selectively expressed in CD4+CD25+ regulatory T cells (Tregs)?,Yes,Yes,
2,FOXP3 expression correlates with suppressive activity in CD4⁺CD25⁺ regulatory T cells (Tregs).,[1],Does FOXP3 expression correlate with suppressive activity in CD4+CD25+ regulatory T cells (Tregs)?,Yes,Yes,
3,"In mice, loss of Foxp3 (including Foxp3-null and scurfy mutation contexts examined) causes a lethal lymphoproliferative autoimmune syndrome.",[1],Does loss of Foxp3 in mice cause a lethal lymphoproliferative autoimmune syndrome?,Yes,Yes,
4,The authors attribute the lethal lymphoproliferative autoimmune syndrome caused by loss of Foxp3 in mice to a deficiency of CD4⁺CD25⁺ regulatory T cells (Tregs) rather than an intrinsic defect of conventional CD4⁺CD25⁻ T cells.,[1],Do the authors attribute the lethal syndrome from Foxp3 loss to CD4+CD25+ Treg deficiency rather than intrinsic CD4+CD25- defects?,Yes,Idk,Not specified whether syndrome arises from Treg deficiency or intrinsic CD25- defects.
5,Forced/ectopic expression of Foxp3 in naïve peripheral CD4⁺ T cells via retroviral transduction is sufficient to induce a regulatory T-cell–like phenotype.,[2],Is forced Foxp3 expression in naive peripheral CD4+ T cells sufficient to induce a regulatory T-cell–like phenotype?,Yes,Yes,
6,The regulatory T-cell–like phenotype induced by forced/ectopic expression of Foxp3 in naïve peripheral CD4⁺ T cells via retroviral transduction includes acquisition of suppressive function.,[2],Does forced Foxp3 expression in naive peripheral CD4+ T cells lead to acquisition of suppressive function?,Yes,Yes,
7,The regulatory T-cell–like phenotype induced by forced/ectopic expression of Foxp3 in naïve peripheral CD4⁺ T cells via retroviral transduction includes characteristic changes in activation and cytokine features described by the authors.,[2],Does forced Foxp3 expression in naive peripheral CD4+ T cells induce the activation and cytokine changes described by the authors?,Yes,Yes,
8,"In humans, mutations in FOXP3 were reported as the genetic cause of the immune dysregulation, polyendocrinopathy, enteropathy, X-linked (IPEX) syndrome in affected patients studied.",[3],Were FOXP3 mutations reported as the genetic cause of IPEX syndrome in affected human patients?,Yes,Yes,
9,"The reported mutations in FOXP3 directly link FOXP3 disruption to the immune dysregulation, polyendocrinopathy, enteropathy, X-linked (IPEX) syndrome immunodysregulatory disease.",[3],Do the reported FOXP3 mutations directly link FOXP3 disruption to IPEX syndrome?,Yes,Yes,
